<?xml version="1.0" encoding="UTF-8"?>
<ti:module xmlns:ti="http://ti.appcelerator.org" xmlns:android="http://schemas.android.com/apk/res/android">
	<!--
		Similar to tiapp.xml, but contains module/platform specific
		configuration in <iphone>, <android>, and <mobileweb> sections
	-->
	<iphone>
	</iphone>
	<android xmlns:android="http://schemas.android.com/apk/res/android">
		<uses-sdk
	        android:minSdkVersion="15"
	        android:targetSdkVersion="23" />

	    <uses-feature
	        android:glEsVersion="0x00020000"
	        android:required="true" />

	    <uses-permission android:name="android.permission.INTERNET" />
	    <uses-permission android:name="android.permission.ACCESS_NETWORK_STATE" />
	    <uses-permission android:name="android.permission.ACCESS_WIFI_STATE" />
	</android>
	<mobileweb>
	</mobileweb>
</ti:module>
